position,wt,position1,mt,chain,ddG,variant
1,L,33,P,A,-2.26,L33P
2,R,204,Q,A,0.19,R204Q
3,G,215,S,A,-0.49,G215S
4,R,325,Q,A,0.03,R325Q
5,A,414,G,A,-0.88,A414G
6,R,463,H,A,-1,R463H
7,A,589,V,A,0.04,A589V
8,L,620,P,A,-2.49,L620P
9,A,676,T,A,0.07,A676T
10,R,680,Q,A,0.02,R680Q
11,N,718,T,A,0.46,N718T
12,D,726,Y,A,0.19,D726Y
13,A,742,V,A,-0.02,A742V
14,Q,758,H,A,0.04,Q758H
15,G,826,R,A,-0.06,G826R
16,A,845,V,A,-1.12,A845V
17,R,880,Q,A,-0.14,R880Q
18,V,885,I,A,-0.39,V885I
19,D,964,E,A,-0.36,D964E
20,R,989,H,A,-0.94,R989H
21,T,1106,M,A,0.05,T1106M
22,R,1123,Q,A,-0.32,R1123Q
23,C,1150,S,A,-2.27,C1150S
24,R,1218,H,A,0.43,R1218H
25,R,1237,H,A,0.05,R1237H
26,V,1244,M,A,-0.11,V1244M
27,R,1349,W,A,0,R1349W
28,G,1374,S,A,-0.11,G1374S
29,R,1400,H,A,-0.36,R1400H
30,R,1505,H,A,-1,R1505H
31,G,1527,A,A,-0.06,G1527A
32,V,1599,M,A,-0.41,V1599M
33,S,1629,L,A,0.53,S1629L
34,V,1643,M,A,-0.13,V1643M
35,Q,1686,R,A,0.09,Q1686R
36,I,1690,T,A,-0.3,I1690T
37,S,1723,L,A,-0.08,S1723L
38,G,1731,S,A,-0.02,G1731S
39,R,1778,H,A,0.01,R1778H
40,G,1820,S,A,-0.06,G1820S
41,A,1919,S,A,-0.07,A1919S
42,R,1932,C,A,0.74,R1932C
43,L,1938,V,A,-0.11,L1938V
44,P,1952,R,A,0.55,P1952R
45,C,1988,F,A,-0.94,C1988F
46,A,2045,S,A,-0.43,A2045S
47,F,2071,C,A,-0.38,F2071C
48,F,2100,S,A,-1.05,F2100S